{"metadata":{"asset_id":"9af6551e-4f7c-4dd6-8929-c6ddf6270b2a","asset_attributes":["data_asset","directory_asset","location_definition"],"name":"flow chart.docx","asset_type":"data_asset","created_at":"2025-06-27T16:29:58Z","origin_country":"us","owner_id":"IBMid-691000SML1","project_id":"ad595331-f867-4726-8e1d-310c3d8b365f","size":32411,"usage":{"last_update_time":1751041798999,"last_updated_at":"2025-06-27T16:29:58Z"}},"entity":{"data_asset":{"mime_type":"application/vnd.openxmlformats-officedocument.wordprocessingml.document","dataset":false},"directory_asset":{"path":""}},"attachments":[{"id":"62bf37b8-fbca-4f07-bbf4-6bf2ce2486e2","version":2,"asset_type":"data_asset","name":"flow chart.docx","mime":"application/vnd.openxmlformats-officedocument.wordprocessingml.document","datasource_type":"193a97c1-4475-4a19-b90c-295c4fdc6517","object_key":"flow chart.docx","creator_id":"IBMid-691000SML1","create_time":1751041800218,"size":32411,"is_remote":false,"is_managed":false,"is_referenced":true,"is_object_key_read_only":true,"is_user_provided_path_key":true,"transfer_complete":true,"is_partitioned":false,"complete_time_ticks":1751041800218,"user_data":{},"test_doc":0,"handle":{"bucket":"workflowoptimizationengine-donotdelete-pr-9hanruishsu29m","location":"us-south","type":"bluemix_cos","key":"flow chart.docx","upload_id":"done","max_part_num":1},"usage":{"access_count":0,"last_accessor_id":"IBMid-691000SML1","last_access_time":1751041800218}}]}
