{"metadata":{"asset_id":"cb7f0f65-466e-4775-8f3f-e07273919a81","asset_attributes":["data_asset"],"name":"insurance claim fact extraction test data.csv","asset_type":"data_asset","created_at":"2025-06-27T07:35:56Z","origin_country":"us","owner_id":"IBMid-691000SML1","project_id":"ad595331-f867-4726-8e1d-310c3d8b365f","size":13147,"usage":{"last_update_time":1751009759148,"last_updated_at":"2025-06-27T07:35:59Z"}},"entity":{"data_asset":{"mime_type":"text/csv","dataset":false}},"attachments":[{"id":"3ad5c7b7-4499-49a5-ba0a-f5faec3107d9","version":2,"asset_type":"data_asset","name":"insurance claim fact extraction test data.csv","mime":"text/csv","datasource_type":"193a97c1-4475-4a19-b90c-295c4fdc6517","object_key":"insurance claim fact extraction test data.csv","creator_id":"IBMid-691000SML1","create_time":1751009759147,"size":13147,"is_remote":false,"is_managed":false,"is_referenced":true,"is_object_key_read_only":true,"is_user_provided_path_key":true,"transfer_complete":true,"is_partitioned":false,"complete_time_ticks":1751009759147,"user_data":{},"test_doc":0,"handle":{"bucket":"workflowoptimizationengine-donotdelete-pr-9hanruishsu29m","location":"us-south","type":"bluemix_cos","key":"insurance claim fact extraction test data.csv","upload_id":"done","max_part_num":1},"usage":{"access_count":0,"last_accessor_id":"IBMid-691000SML1","last_access_time":1751009759147}}]}
