{"metadata":{"asset_id":"781d438c-a807-4b36-b514-31812f5f4621","asset_attributes":["data_asset","directory_asset"],"name":"Customers.csv","asset_type":"data_asset","created_at":"2025-06-27T07:47:33Z","description":"Customers.csv is an asset added in portal-project. This data set includes a list of fictitious general customers data along with the contact and payment information and their annual sales. Columns include:\n\n\t- CUST_ID\n\t- CUSTNAME\n\t- CITY\n\t- STATE\n\t- COUNTRY\n\t- POSTAL_CODE\n\t- EMAIL_ADDRESS\n\t- PHONE_NUMBER\n\t- YTD_SALES\n\t- SALESREP_ID\n\t- NATIONALITY\n\t- NATIONAL_ID\n\t- CREDITCARD_NUMBER\n\t- CREDITCARD_TYPE\n\t- CREDITCARD_EXP\n\t- CREDITCARD_CVV","origin_country":"us","owner_id":"IBMid-691000SML1","project_id":"ad595331-f867-4726-8e1d-310c3d8b365f","size":15224,"tags":["community-asset"],"usage":{"last_update_time":1751010455471,"last_updated_at":"2025-06-27T07:47:35Z"}},"entity":{"data_asset":{"mime_type":"text/csv","dataset":false},"directory_asset":{"path":""}},"attachments":[{"id":"2d92a0cd-2e51-4c48-8daa-e373b29e2c85","version":2,"asset_type":"data_asset","name":"Customers.csv","mime":"text/csv","datasource_type":"193a97c1-4475-4a19-b90c-295c4fdc6517","object_key":"Customers.csv","creator_id":"IBMid-691000SML1","create_time":1751010454392,"size":15224,"is_remote":false,"is_managed":false,"is_referenced":true,"is_object_key_read_only":true,"is_user_provided_path_key":true,"transfer_complete":true,"is_partitioned":false,"complete_time_ticks":1751010454392,"user_data":{},"test_doc":0,"handle":{"bucket":"workflowoptimizationengine-donotdelete-pr-9hanruishsu29m","location":"us-south","type":"bluemix_cos","key":"Customers.csv","upload_id":"done","max_part_num":1},"usage":{"access_count":0,"last_accessor_id":"IBMid-691000SML1","last_access_time":1751010454392}}]}
