{"metadata":{"asset_id":"ba145608-7928-4665-8a44-f7bf8f9742f1","asset_attributes":["data_asset"],"name":"Insurance claim summarization test data.csv","asset_type":"data_asset","created_at":"2025-06-27T07:35:56Z","origin_country":"us","owner_id":"IBMid-691000SML1","project_id":"ad595331-f867-4726-8e1d-310c3d8b365f","size":9177,"usage":{"last_update_time":1751009764583,"last_updated_at":"2025-06-27T07:36:04Z"}},"entity":{"data_asset":{"mime_type":"text/csv","dataset":false}},"attachments":[{"id":"0d9d6632-092d-4149-844c-26e14a2fca9f","version":2,"asset_type":"data_asset","name":"Insurance claim summarization test data.csv","mime":"text/csv","datasource_type":"193a97c1-4475-4a19-b90c-295c4fdc6517","object_key":"Insurance claim summarization test data.csv","creator_id":"IBMid-691000SML1","create_time":1751009764582,"size":9177,"is_remote":false,"is_managed":false,"is_referenced":true,"is_object_key_read_only":true,"is_user_provided_path_key":true,"transfer_complete":true,"is_partitioned":false,"complete_time_ticks":1751009764582,"user_data":{},"test_doc":0,"handle":{"bucket":"workflowoptimizationengine-donotdelete-pr-9hanruishsu29m","location":"us-south","type":"bluemix_cos","key":"Insurance claim summarization test data.csv","upload_id":"done","max_part_num":1},"usage":{"access_count":0,"last_accessor_id":"IBMid-691000SML1","last_access_time":1751009764582}}]}
