{"metadata":{"asset_id":"fccc9549-2a7d-4926-a7f4-5ba082d05391","asset_attributes":["data_asset"],"name":"insurance claim suggested next steps test data.csv","asset_type":"data_asset","created_at":"2025-06-27T07:35:56Z","origin_country":"us","owner_id":"IBMid-691000SML1","project_id":"ad595331-f867-4726-8e1d-310c3d8b365f","size":16661,"usage":{"last_update_time":1751009759093,"last_updated_at":"2025-06-27T07:35:59Z"}},"entity":{"data_asset":{"mime_type":"text/csv","dataset":false}},"attachments":[{"id":"48db9a97-00fc-4d0d-8531-837069048208","version":2,"asset_type":"data_asset","name":"insurance claim suggested next steps test data.csv","mime":"text/csv","datasource_type":"193a97c1-4475-4a19-b90c-295c4fdc6517","object_key":"insurance claim suggested next steps test data.csv","creator_id":"IBMid-691000SML1","create_time":1751009759090,"size":16661,"is_remote":false,"is_managed":false,"is_referenced":true,"is_object_key_read_only":true,"is_user_provided_path_key":true,"transfer_complete":true,"is_partitioned":false,"complete_time_ticks":1751009759090,"user_data":{},"test_doc":0,"handle":{"bucket":"workflowoptimizationengine-donotdelete-pr-9hanruishsu29m","location":"us-south","type":"bluemix_cos","key":"insurance claim suggested next steps test data.csv","upload_id":"done","max_part_num":1},"usage":{"access_count":0,"last_accessor_id":"IBMid-691000SML1","last_access_time":1751009759090}}]}
