[{"name":"workflow optimization engine","description":"innovative project designed to transform traditional business process into highly efficient, adaptable and scalable operation. in which all parties get benefits, customers, manager, service provider.","origin_country":"us","asset_type":"machine-learning-stream","entity":{"machine-learning-stream":{"properties":{"runtime":"spss-modeler","lock":{}},"flow_type":"spss"},"machine-learning-canvas-flow":{"properties":{}}},"attachments":[{"object_key":"machine-learning-stream/workflowoptimizationengine_sQQX81XoCZLav-U8GaooZ.str","asset_type":"machine-learning-canvas-flow","user_data":{}}]}]
