{"metadata":{"asset_id":"4af9d8d5-65c3-4ddf-9393-bf99c0bd29f3","asset_attributes":["notebook","location_definition"],"name":"Mariam mahfouz 2","asset_type":"notebook","created_at":"2025-06-27T11:44:15Z","description":"describe workflow","origin_country":"us","owner_id":"IBMid-691000SML1","project_id":"ad595331-f867-4726-8e1d-310c3d8b365f","size":6798,"tags":["notebook"],"usage":{"last_update_time":1751024797380,"last_updated_at":"2025-06-27T11:46:37Z"}},"entity":{"notebook":{"originates_from":{"type":"blank"},"kernel":{"name":"python3","display_name":"Python 3.11","language":"python"},"runtime":{"environment":"rt241pys1-ad595331-f867-4726-8e1d-310c3d8b365f"}},"location_definition":{"physical_location_code":"DAL","physical_location_code_assigned_by":"IBMid-691000SML1","physical_location_code_rds_id":"c57cb90f-2126-3800-9c9f-9eab82021cdf","physical_location_code_rds_version":"00002025-0627-4073-8607-683370000000_5","physical_location_code_assignment_method":"INFERRED","physical_location_code_added_on":"1751024656607"}},"attachments":[{"id":"fad76422-be98-4db5-9743-359c7a72ee6f","version":2,"asset_type":"notebook","name":"attachment for notebook 4af9d8d5-65c3-4ddf-9393-bf99c0bd29f3","description":"attachment for notebook 4af9d8d5-65c3-4ddf-9393-bf99c0bd29f3","mime":"application/json","datasource_type":"193a97c1-4475-4a19-b90c-295c4fdc6517","object_key":"notebook/Mariammahfouz2-wxnotebook__da__7rhex4ju9c.ipynb","creator_id":"IBMid-691000SML1","create_time":1751024656608,"size":6798,"is_remote":false,"is_managed":false,"is_referenced":true,"is_object_key_read_only":false,"is_user_provided_path_key":true,"transfer_complete":true,"is_partitioned":false,"complete_time_ticks":1751024656608,"user_data":{},"test_doc":0,"handle":{"bucket":"workflowoptimizationengine-donotdelete-pr-9hanruishsu29m","location":"us-south","type":"bluemix_cos","key":"notebook/Mariammahfouz2-wxnotebook__da__7rhex4ju9c.ipynb","upload_id":"done","max_part_num":1},"usage":{"access_count":1,"last_accessor_id":"IBMid-691000SML1","last_access_time":1751024782322,"last_updater_id":"IBMid-691000SML1","last_update_time":1751024782322}}]}
