{"id":"633a8223-3a55-4385-a044-6530135f79d7","name":"Flow chart for workflow optimization engine.","description":"workflow optimization engine for managers.","created_at":1751041888374,"created_by":"IBMid-691000SML1","last_updated_at":1751041891923,"last_updated_by":"IBMid-691000SML1","data_assets":["9af6551e-4f7c-4dd6-8929-c6ddf6270b2a"],"store":{"type":"memory"},"settings":{"chunk_size":2000,"chunk_overlap":200,"split_pdf_pages":true,"top_k":3,"rerank":false,"embedding_model_id":"sentence-transformers/all-minilm-l6-v2"},"status":"ready","attachment_object_key":"vector_index/Flowchartforworkflowoptimizationengine___da__81u1izizu9.gz"}
