{"metadata":{"name":"2 Insurance claim summarization","description":"","asset_type":"wx_prompt","origin_country":"us","resource_key":"38519383ee474631850be5e0b66d3dc069052e2917a7255511d5b3fd318e020a"},"entity":{"wx_prompt":{"input_mode":"structured","task_ids":["summarization"],"is_template":true,"prompt_variables":{"input":{"default_value":" On November 1st, 2023, at 11:00 AM, my vehicle, a 1998 Nissan Maxima, was involved in a severe car accident in New York. My driver was operating the vehicle within the designated speed limit when another vehicle ahead suddenly came to a stop, causing a frontal collision. The sudden deceleration resulted in a forceful impact between the two vehicles, causing extensive damage to both cars. The crash's intensity shattered my car's front bumper, hood, and windshield. In addition, my driver sustained severe injuries because of the collision and received immediate medical attention at the accident scene from emergency responders. As a responsible vehicle owner, I quickly contacted emergency services and your insurance agency to initiate the necessary procedures for filing a claim. In addition, I provided a detailed account of the accident circumstances, the police report, and supporting medical paperwork as part of the claims submission. Moreover, I gathered statements from eyewitnesses who observed the accident and took photographs of the damaged areas of my vehicle. These supplementary materials can support the claims procedure and guarantee a thorough examination of the incident."}},"governance_tracked":false},"modelfacts_system":{"model_information":{"fm_id":"google/flan-t5-xl"},"training_information":{},"project_details":{"environment_type":"development","is_environmenttype_openscale_value":false},"model_identity_information":{"model_identity_key":"38519383ee474631850be5e0b66d3dc069052e2917a7255511d5b3fd318e020a"},"deployment_details":[],"modelentry_information":{},"display_usecase_warning":true},"modelfacts_user":{}},"attachments":[{"id":"7e4a5068-3ff0-4bc1-8f2d-52c78afe32a1","version":2,"asset_type":"wx_prompt","name":"Insuranceclaimsummarization2.json","mime":"application/json","datasource_type":"193a97c1-4475-4a19-b90c-295c4fdc6517","object_key":"wx_prompt/Insuranceclaimsummarization2__da__i85biw5h0g.json","creator_id":"IBMid-691000SML1","create_time":1751009767211,"size":583,"is_remote":false,"is_managed":false,"is_referenced":true,"is_object_key_read_only":false,"is_user_provided_path_key":true,"transfer_complete":true,"is_partitioned":false,"complete_time_ticks":1751009767211,"user_data":{},"test_doc":0,"handle":{"bucket":"workflowoptimizationengine-donotdelete-pr-9hanruishsu29m","location":"us-south","type":"bluemix_cos","key":"wx_prompt/Insuranceclaimsummarization2__da__i85biw5h0g.json","upload_id":"done","max_part_num":1},"usage":{"access_count":0,"last_accessor_id":"IBMid-691000SML1","last_access_time":1751009767211}}]}
