{"metadata":{"name":"Insurance claim suggested next steps","description":"","asset_type":"wx_prompt","origin_country":"us","resource_key":"8015e32715de855d5f974155986f08dd2af7ba14a78d211db60f54b01cfc3cc9"},"entity":{"wx_prompt":{"task_ids":["generation"],"is_template":true,"prompt_variables":{"input":{"default_value":"The insured vehicle, a Ford RAM, was stolen from Boston on Dec 2nd 2022. The vehicle was parked in a secure parking lot, and all necessary precautions were taken, such as locking the doors and activating the alarm system. The insured immediately reported the theft to the police and obtained a police report. The vehicle had comprehensive insurance coverage, and the insured is filing a claim for the stolen vehicle, including its estimated value, accessories, and personal belongings that were inside the vehicle at the time of theft."}},"governance_tracked":false},"modelfacts_system":{"model_information":{"fm_id":"google/flan-ul2"},"training_information":{},"project_details":{"environment_type":"development","is_environmenttype_openscale_value":false},"model_identity_information":{"model_identity_key":"8015e32715de855d5f974155986f08dd2af7ba14a78d211db60f54b01cfc3cc9"},"deployment_details":[],"modelentry_information":{},"display_usecase_warning":true},"modelfacts_user":{}},"attachments":[{"id":"fb460d6f-913d-4941-a390-7e90dcf19a90","version":2,"asset_type":"wx_prompt","name":"Insuranceclaimsuggestednextsteps.json","mime":"application/json","datasource_type":"193a97c1-4475-4a19-b90c-295c4fdc6517","object_key":"wx_prompt/Insuranceclaimsuggestednextsteps__da__nispr40vpf.json","creator_id":"IBMid-691000SML1","create_time":1751009767079,"size":7295,"is_remote":false,"is_managed":false,"is_referenced":true,"is_object_key_read_only":false,"is_user_provided_path_key":true,"transfer_complete":true,"is_partitioned":false,"complete_time_ticks":1751009767079,"user_data":{},"test_doc":0,"handle":{"bucket":"workflowoptimizationengine-donotdelete-pr-9hanruishsu29m","location":"us-south","type":"bluemix_cos","key":"wx_prompt/Insuranceclaimsuggestednextsteps__da__nispr40vpf.json","upload_id":"done","max_part_num":1},"usage":{"access_count":0,"last_accessor_id":"IBMid-691000SML1","last_access_time":1751009767079}}]}
