{"metadata":{"name":"Insurance claim summarization","description":"","asset_type":"wx_prompt","origin_country":"us","resource_key":"e1f9002dbd3da61bfd4af64d0df20b93a15a1238f3c11507c3c8059001ed310c"},"entity":{"wx_prompt":{"task_ids":["summarization"],"is_template":true,"prompt_variables":{"input":{"default_value":"On November 1st, 2023, at 11:00 am, my vehicle, a 2004 Honda Civic, was stolen from its parking spot in Lagos. I immediately reported the incident to the police and obtained a police report. The thief crashed my vehicle into a tree a few blocks away from the parking spot, causing significant damage to the front end. I have filed a claim for the damages and I am providing the police report as evidence of the theft and accident. The witnesses have also provided statements describing the incident."}},"governance_tracked":false},"modelfacts_system":{"model_information":{"fm_id":"google/flan-ul2"},"training_information":{},"project_details":{"environment_type":"development","is_environmenttype_openscale_value":false},"model_identity_information":{"model_identity_key":"e1f9002dbd3da61bfd4af64d0df20b93a15a1238f3c11507c3c8059001ed310c"},"deployment_details":[],"modelentry_information":{},"display_usecase_warning":true},"modelfacts_user":{}},"attachments":[{"id":"0b3fc519-d965-4e7e-a936-2ba28518f01d","version":2,"asset_type":"wx_prompt","name":"Insuranceclaimsummarization.json","mime":"application/json","datasource_type":"193a97c1-4475-4a19-b90c-295c4fdc6517","object_key":"wx_prompt/Insuranceclaimsummarization__da__189qpqtcox.json","creator_id":"IBMid-691000SML1","create_time":1751009767052,"size":526,"is_remote":false,"is_managed":false,"is_referenced":true,"is_object_key_read_only":false,"is_user_provided_path_key":true,"transfer_complete":true,"is_partitioned":false,"complete_time_ticks":1751009767052,"user_data":{},"test_doc":0,"handle":{"bucket":"workflowoptimizationengine-donotdelete-pr-9hanruishsu29m","location":"us-south","type":"bluemix_cos","key":"wx_prompt/Insuranceclaimsummarization__da__189qpqtcox.json","upload_id":"done","max_part_num":1},"usage":{"access_count":0,"last_accessor_id":"IBMid-691000SML1","last_access_time":1751009767052}}]}
